1603125387569,2203,绑定port,200,OK,线程组 1-1,text,true,,1133,8848,1,1,https://iecs.myhuaweicloud.com/v1/ports/9f4ad224-c4a2-4295-9fe9-bc342e27957d,2200,0,1262
1603125989816,1030,解绑port,200,OK,线程组 1-1,text,true,,1048,8800,1,1,https://iecs.myhuaweicloud.com/v1/ports/9f4ad224-c4a2-4295-9fe9-bc342e27957d,1030,0,31
1603126590883,1762,绑定port,200,OK,线程组 1-1,text,true,,1133,8848,1,1,https://iecs.myhuaweicloud.com/v1/ports/9f4ad224-c4a2-4295-9fe9-bc342e27957d,1762,0,55
1603127192675,905,解绑port,200,OK,线程组 1-1,text,true,,1048,8800,1,1,https://iecs.myhuaweicloud.com/v1/ports/9f4ad224-c4a2-4295-9fe9-bc342e27957d,904,0,43
1603127793604,1445,绑定port,200,OK,线程组 1-1,text,true,,1133,8848,1,1,https://iecs.myhuaweicloud.com/v1/ports/9f4ad224-c4a2-4295-9fe9-bc342e27957d,1445,0,192
1603128395078,1776,解绑port,200,OK,线程组 1-1,text,true,,1048,8800,1,1,https://iecs.myhuaweicloud.com/v1/ports/9f4ad224-c4a2-4295-9fe9-bc342e27957d,1776,0,142
1603128996876,1711,绑定port,200,OK,线程组 1-1,text,true,,1133,8848,1,1,https://iecs.myhuaweicloud.com/v1/ports/9f4ad224-c4a2-4295-9fe9-bc342e27957d,1711,0,78
1603129598611,1079,解绑port,200,OK,线程组 1-1,text,true,,1048,8800,1,1,https://iecs.myhuaweicloud.com/v1/ports/9f4ad224-c4a2-4295-9fe9-bc342e27957d,1079,0,66
1603130199719,1814,绑定port,200,OK,线程组 1-1,text,true,,1133,8848,1,1,https://iecs.myhuaweicloud.com/v1/ports/9f4ad224-c4a2-4295-9fe9-bc342e27957d,1814,0,31
1603130801557,1000,解绑port,200,OK,线程组 1-1,text,true,,1048,8800,1,1,https://iecs.myhuaweicloud.com/v1/ports/9f4ad224-c4a2-4295-9fe9-bc342e27957d,1000,0,92
1603131402578,1088,绑定port,200,OK,线程组 1-1,text,true,,1133,8848,1,1,https://iecs.myhuaweicloud.com/v1/ports/9f4ad224-c4a2-4295-9fe9-bc342e27957d,1088,0,29
1603132003686,1371,解绑port,200,OK,线程组 1-1,text,true,,1048,8800,1,1,https://iecs.myhuaweicloud.com/v1/ports/9f4ad224-c4a2-4295-9fe9-bc342e27957d,1371,0,109
1603132605075,2224,绑定port,200,OK,线程组 1-1,text,true,,1133,8848,1,1,https://iecs.myhuaweicloud.com/v1/ports/9f4ad224-c4a2-4295-9fe9-bc342e27957d,2224,0,1269
1603133207323,1742,解绑port,200,OK,线程组 1-1,text,true,,1048,8800,1,1,https://iecs.myhuaweicloud.com/v1/ports/9f4ad224-c4a2-4295-9fe9-bc342e27957d,1742,0,120
1603133809095,1069,绑定port,200,OK,线程组 1-1,text,true,,1133,8848,1,1,https://iecs.myhuaweicloud.com/v1/ports/9f4ad224-c4a2-4295-9fe9-bc342e27957d,1069,0,210
1603134410194,1024,解绑port,200,OK,线程组 1-1,text,true,,1048,8800,1,1,https://iecs.myhuaweicloud.com/v1/ports/9f4ad224-c4a2-4295-9fe9-bc342e27957d,1024,0,83
1603135011240,1024,绑定port,200,OK,线程组 1-1,text,true,,1133,8848,1,1,https://iecs.myhuaweicloud.com/v1/ports/9f4ad224-c4a2-4295-9fe9-bc342e27957d,1024,0,67
1603135612281,861,解绑port,200,OK,线程组 1-1,text,true,,1048,8800,1,1,https://iecs.myhuaweicloud.com/v1/ports/9f4ad224-c4a2-4295-9fe9-bc342e27957d,861,0,31
1603136213159,1757,绑定port,200,OK,线程组 1-1,text,true,,1133,8848,1,1,https://iecs.myhuaweicloud.com/v1/ports/9f4ad224-c4a2-4295-9fe9-bc342e27957d,1757,0,113
1603136814934,1718,解绑port,200,OK,线程组 1-1,text,true,,1048,8800,1,1,https://iecs.myhuaweicloud.com/v1/ports/9f4ad224-c4a2-4295-9fe9-bc342e27957d,1717,0,42
1603137416662,1003,绑定port,200,OK,线程组 1-1,text,true,,1133,8848,1,1,https://iecs.myhuaweicloud.com/v1/ports/9f4ad224-c4a2-4295-9fe9-bc342e27957d,1003,0,38
1603138017681,904,解绑port,200,OK,线程组 1-1,text,true,,1048,8800,1,1,https://iecs.myhuaweicloud.com/v1/ports/9f4ad224-c4a2-4295-9fe9-bc342e27957d,904,0,55
1603138618597,1954,绑定port,200,OK,线程组 1-1,text,true,,1133,8848,1,1,https://iecs.myhuaweicloud.com/v1/ports/9f4ad224-c4a2-4295-9fe9-bc342e27957d,1954,0,62
1603139220573,1031,解绑port,200,OK,线程组 1-1,text,true,,1048,8800,1,1,https://iecs.myhuaweicloud.com/v1/ports/9f4ad224-c4a2-4295-9fe9-bc342e27957d,1031,0,46
1603139821624,1247,绑定port,200,OK,线程组 1-1,text,true,,1133,8848,1,1,https://iecs.myhuaweicloud.com/v1/ports/9f4ad224-c4a2-4295-9fe9-bc342e27957d,1247,0,113
1603140422888,1725,解绑port,200,OK,线程组 1-1,text,true,,1048,8800,1,1,https://iecs.myhuaweicloud.com/v1/ports/9f4ad224-c4a2-4295-9fe9-bc342e27957d,1725,0,39
1603141024629,1748,绑定port,200,OK,线程组 1-1,text,true,,1133,8848,1,1,https://iecs.myhuaweicloud.com/v1/ports/9f4ad224-c4a2-4295-9fe9-bc342e27957d,1748,0,40
1603141626401,1053,解绑port,200,OK,线程组 1-1,text,true,,1048,8800,1,1,https://iecs.myhuaweicloud.com/v1/ports/9f4ad224-c4a2-4295-9fe9-bc342e27957d,1053,0,29
1603142227470,942,绑定port,200,OK,线程组 1-1,text,true,,1133,8848,1,1,https://iecs.myhuaweicloud.com/v1/ports/9f4ad224-c4a2-4295-9fe9-bc342e27957d,942,0,59
1603142828425,2252,解绑port,200,OK,线程组 1-1,text,true,,1048,8800,1,1,https://iecs.myhuaweicloud.com/v1/ports/9f4ad224-c4a2-4295-9fe9-bc342e27957d,2252,0,1246
1603143430693,1104,绑定port,200,OK,线程组 1-1,text,true,,1133,8848,1,1,https://iecs.myhuaweicloud.com/v1/ports/9f4ad224-c4a2-4295-9fe9-bc342e27957d,1104,0,96
1603144031812,1329,解绑port,200,OK,线程组 1-1,text,true,,1048,8800,1,1,https://iecs.myhuaweicloud.com/v1/ports/9f4ad224-c4a2-4295-9fe9-bc342e27957d,1329,0,34
1603144633157,966,绑定port,200,OK,线程组 1-1,text,true,,1133,8848,1,1,https://iecs.myhuaweicloud.com/v1/ports/9f4ad224-c4a2-4295-9fe9-bc342e27957d,966,0,75
1603145234138,1900,解绑port,200,OK,线程组 1-1,text,true,,1048,8800,1,1,https://iecs.myhuaweicloud.com/v1/ports/9f4ad224-c4a2-4295-9fe9-bc342e27957d,1900,0,68
1603145836061,1057,绑定port,200,OK,线程组 1-1,text,true,,1133,8848,1,1,https://iecs.myhuaweicloud.com/v1/ports/9f4ad224-c4a2-4295-9fe9-bc342e27957d,1057,0,76
1603146437134,915,解绑port,200,OK,线程组 1-1,text,true,,1048,8800,1,1,https://iecs.myhuaweicloud.com/v1/ports/9f4ad224-c4a2-4295-9fe9-bc342e27957d,915,0,40
1603147038066,1095,绑定port,200,OK,线程组 1-1,text,true,,1133,8848,1,1,https://iecs.myhuaweicloud.com/v1/ports/9f4ad224-c4a2-4295-9fe9-bc342e27957d,1095,0,66
1603147639177,1034,解绑port,200,OK,线程组 1-1,text,true,,1048,8800,1,1,https://iecs.myhuaweicloud.com/v1/ports/9f4ad224-c4a2-4295-9fe9-bc342e27957d,1034,0,78
1603148240226,1020,绑定port,200,OK,线程组 1-1,text,true,,1133,8848,1,1,https://iecs.myhuaweicloud.com/v1/ports/9f4ad224-c4a2-4295-9fe9-bc342e27957d,1020,0,64
1603148841260,1025,解绑port,200,OK,线程组 1-1,text,true,,1048,8800,1,1,https://iecs.myhuaweicloud.com/v1/ports/9f4ad224-c4a2-4295-9fe9-bc342e27957d,1025,0,34
1603149442302,2027,绑定port,200,OK,线程组 1-1,text,true,,1133,8848,1,1,https://iecs.myhuaweicloud.com/v1/ports/9f4ad224-c4a2-4295-9fe9-bc342e27957d,2027,0,109
1603150044344,1308,解绑port,200,OK,线程组 1-1,text,true,,1048,8800,1,1,https://iecs.myhuaweicloud.com/v1/ports/9f4ad224-c4a2-4295-9fe9-bc342e27957d,1308,0,59
1603150645665,2485,绑定port,200,OK,线程组 1-1,text,true,,1133,8848,1,1,https://iecs.myhuaweicloud.com/v1/ports/9f4ad224-c4a2-4295-9fe9-bc342e27957d,2485,0,1444
1603151248163,1773,解绑port,200,OK,线程组 1-1,text,true,,1048,8800,1,1,https://iecs.myhuaweicloud.com/v1/ports/9f4ad224-c4a2-4295-9fe9-bc342e27957d,1773,0,87
1603151849959,1151,绑定port,200,OK,线程组 1-1,text,true,,1133,8848,1,1,https://iecs.myhuaweicloud.com/v1/ports/9f4ad224-c4a2-4295-9fe9-bc342e27957d,1151,0,42
1603152451121,3082,解绑port,200,OK,线程组 1-1,text,true,,1048,8800,1,1,https://iecs.myhuaweicloud.com/v1/ports/9f4ad224-c4a2-4295-9fe9-bc342e27957d,3082,0,2097
1603153054214,983,绑定port,200,OK,线程组 1-1,text,true,,1133,8848,1,1,https://iecs.myhuaweicloud.com/v1/ports/9f4ad224-c4a2-4295-9fe9-bc342e27957d,983,0,64
1603153655217,1868,解绑port,200,OK,线程组 1-1,text,true,,1048,8800,1,1,https://iecs.myhuaweicloud.com/v1/ports/9f4ad224-c4a2-4295-9fe9-bc342e27957d,1868,0,67
1603154257100,1808,绑定port,200,OK,线程组 1-1,text,true,,1133,8848,1,1,https://iecs.myhuaweicloud.com/v1/ports/9f4ad224-c4a2-4295-9fe9-bc342e27957d,1808,0,109
1603154858924,976,解绑port,200,OK,线程组 1-1,text,true,,1048,8800,1,1,https://iecs.myhuaweicloud.com/v1/ports/9f4ad224-c4a2-4295-9fe9-bc342e27957d,976,0,41
1603155459917,1075,绑定port,200,OK,线程组 1-1,text,true,,1133,8848,1,1,https://iecs.myhuaweicloud.com/v1/ports/9f4ad224-c4a2-4295-9fe9-bc342e27957d,1075,0,109
1603156061005,923,解绑port,200,OK,线程组 1-1,text,true,,1048,8800,1,1,https://iecs.myhuaweicloud.com/v1/ports/9f4ad224-c4a2-4295-9fe9-bc342e27957d,923,0,49
1603156661966,948,绑定port,200,OK,线程组 1-1,text,true,,1133,8848,1,1,https://iecs.myhuaweicloud.com/v1/ports/9f4ad224-c4a2-4295-9fe9-bc342e27957d,948,0,101
1603157262928,1700,解绑port,200,OK,线程组 1-1,text,true,,1048,8800,1,1,https://iecs.myhuaweicloud.com/v1/ports/9f4ad224-c4a2-4295-9fe9-bc342e27957d,1700,0,39
1603157864631,992,绑定port,200,OK,线程组 1-1,text,true,,1133,8848,1,1,https://iecs.myhuaweicloud.com/v1/ports/9f4ad224-c4a2-4295-9fe9-bc342e27957d,992,0,59
1603158465638,974,解绑port,200,OK,线程组 1-1,text,true,,1048,8800,1,1,https://iecs.myhuaweicloud.com/v1/ports/9f4ad224-c4a2-4295-9fe9-bc342e27957d,974,0,30
1603159066623,935,绑定port,200,OK,线程组 1-1,text,true,,1133,8848,1,1,https://iecs.myhuaweicloud.com/v1/ports/9f4ad224-c4a2-4295-9fe9-bc342e27957d,935,0,35
1603159667570,1024,解绑port,200,OK,线程组 1-1,text,true,,1048,8800,1,1,https://iecs.myhuaweicloud.com/v1/ports/9f4ad224-c4a2-4295-9fe9-bc342e27957d,1024,0,93
1603160268603,841,绑定port,200,OK,线程组 1-1,text,true,,1133,8848,1,1,https://iecs.myhuaweicloud.com/v1/ports/9f4ad224-c4a2-4295-9fe9-bc342e27957d,841,0,25
1603160738968,923,绑定port,200,OK,线程组 1-1,text,true,,1133,8848,1,1,https://iecs.myhuaweicloud.com/v1/ports/9f4ad224-c4a2-4295-9fe9-bc342e27957d,923,0,47
1603160749893,877,解绑port,200,OK,线程组 1-1,text,true,,1048,8800,1,1,https://iecs.myhuaweicloud.com/v1/ports/9f4ad224-c4a2-4295-9fe9-bc342e27957d,877,0,0
1603160760773,876,绑定port,200,OK,线程组 1-1,text,true,,1133,8848,1,1,https://iecs.myhuaweicloud.com/v1/ports/9f4ad224-c4a2-4295-9fe9-bc342e27957d,875,0,0
1603160771649,839,解绑port,200,OK,线程组 1-1,text,true,,1048,8800,1,1,https://iecs.myhuaweicloud.com/v1/ports/9f4ad224-c4a2-4295-9fe9-bc342e27957d,839,0,0
1603160782489,821,绑定port,200,OK,线程组 1-1,text,true,,1133,8848,1,1,https://iecs.myhuaweicloud.com/v1/ports/9f4ad224-c4a2-4295-9fe9-bc342e27957d,821,0,0
1603160793311,790,解绑port,200,OK,线程组 1-1,text,true,,1048,8800,1,1,https://iecs.myhuaweicloud.com/v1/ports/9f4ad224-c4a2-4295-9fe9-bc342e27957d,790,0,0
1603160804102,1067,绑定port,200,OK,线程组 1-1,text,true,,1133,8848,1,1,https://iecs.myhuaweicloud.com/v1/ports/9f4ad224-c4a2-4295-9fe9-bc342e27957d,1067,0,33
1603160815173,977,解绑port,200,OK,线程组 1-1,text,true,,1048,8800,1,1,https://iecs.myhuaweicloud.com/v1/ports/9f4ad224-c4a2-4295-9fe9-bc342e27957d,977,0,0
1603160826151,891,绑定port,200,OK,线程组 1-1,text,true,,1133,8848,1,1,https://iecs.myhuaweicloud.com/v1/ports/9f4ad224-c4a2-4295-9fe9-bc342e27957d,891,0,0
1603160837045,975,解绑port,200,OK,线程组 1-1,text,true,,1048,8800,1,1,https://iecs.myhuaweicloud.com/v1/ports/9f4ad224-c4a2-4295-9fe9-bc342e27957d,975,0,0
1603160848020,971,绑定port,200,OK,线程组 1-1,text,true,,1133,8848,1,1,https://iecs.myhuaweicloud.com/v1/ports/9f4ad224-c4a2-4295-9fe9-bc342e27957d,971,0,0
1603160858992,956,解绑port,200,OK,线程组 1-1,text,true,,1048,8800,1,1,https://iecs.myhuaweicloud.com/v1/ports/9f4ad224-c4a2-4295-9fe9-bc342e27957d,956,0,0
1603160869951,963,绑定port,200,OK,线程组 1-1,text,true,,1133,8848,1,1,https://iecs.myhuaweicloud.com/v1/ports/9f4ad224-c4a2-4295-9fe9-bc342e27957d,963,0,23
1603160880915,888,解绑port,200,OK,线程组 1-1,text,true,,1048,8800,1,1,https://iecs.myhuaweicloud.com/v1/ports/9f4ad224-c4a2-4295-9fe9-bc342e27957d,888,0,0
1603160891805,888,绑定port,200,OK,线程组 1-1,text,true,,1133,8848,1,1,https://iecs.myhuaweicloud.com/v1/ports/9f4ad224-c4a2-4295-9fe9-bc342e27957d,888,0,0
1603160902694,1189,解绑port,200,OK,线程组 1-1,text,true,,1048,8800,1,1,https://iecs.myhuaweicloud.com/v1/ports/9f4ad224-c4a2-4295-9fe9-bc342e27957d,1189,0,0
1603160913884,983,绑定port,200,OK,线程组 1-1,text,true,,1133,8848,1,1,https://iecs.myhuaweicloud.com/v1/ports/9f4ad224-c4a2-4295-9fe9-bc342e27957d,982,0,0
1603160924867,818,解绑port,200,OK,线程组 1-1,text,true,,1048,8800,1,1,https://iecs.myhuaweicloud.com/v1/ports/9f4ad224-c4a2-4295-9fe9-bc342e27957d,818,0,0
1603160935687,914,绑定port,200,OK,线程组 1-1,text,true,,1133,8848,1,1,https://iecs.myhuaweicloud.com/v1/ports/9f4ad224-c4a2-4295-9fe9-bc342e27957d,914,0,28
1603160946602,925,解绑port,200,OK,线程组 1-1,text,true,,1048,8800,1,1,https://iecs.myhuaweicloud.com/v1/ports/9f4ad224-c4a2-4295-9fe9-bc342e27957d,925,0,0
1603160957529,791,绑定port,200,OK,线程组 1-1,text,true,,1133,8848,1,1,https://iecs.myhuaweicloud.com/v1/ports/9f4ad224-c4a2-4295-9fe9-bc342e27957d,791,0,0
1603160968322,1065,解绑port,200,OK,线程组 1-1,text,true,,1048,8800,1,1,https://iecs.myhuaweicloud.com/v1/ports/9f4ad224-c4a2-4295-9fe9-bc342e27957d,1065,0,0
1603160979389,838,绑定port,200,OK,线程组 1-1,text,true,,1133,8848,1,1,https://iecs.myhuaweicloud.com/v1/ports/9f4ad224-c4a2-4295-9fe9-bc342e27957d,838,0,0
1603160990228,891,解绑port,200,OK,线程组 1-1,text,true,,1048,8800,1,1,https://iecs.myhuaweicloud.com/v1/ports/9f4ad224-c4a2-4295-9fe9-bc342e27957d,891,0,0
1603161001127,966,绑定port,200,OK,线程组 1-1,text,true,,1133,8848,1,1,https://iecs.myhuaweicloud.com/v1/ports/9f4ad224-c4a2-4295-9fe9-bc342e27957d,966,0,23
1603161012095,935,解绑port,200,OK,线程组 1-1,text,true,,1048,8800,1,1,https://iecs.myhuaweicloud.com/v1/ports/9f4ad224-c4a2-4295-9fe9-bc342e27957d,935,0,0
1603161023031,782,绑定port,200,OK,线程组 1-1,text,true,,1133,8848,1,1,https://iecs.myhuaweicloud.com/v1/ports/9f4ad224-c4a2-4295-9fe9-bc342e27957d,782,0,0
1603161033822,897,解绑port,200,OK,线程组 1-1,text,true,,1048,8800,1,1,https://iecs.myhuaweicloud.com/v1/ports/9f4ad224-c4a2-4295-9fe9-bc342e27957d,897,0,0
1603161044717,850,绑定port,200,OK,线程组 1-1,text,true,,1133,8848,1,1,https://iecs.myhuaweicloud.com/v1/ports/9f4ad224-c4a2-4295-9fe9-bc342e27957d,850,0,0
1603161055569,855,解绑port,200,OK,线程组 1-1,text,true,,1048,8800,1,1,https://iecs.myhuaweicloud.com/v1/ports/9f4ad224-c4a2-4295-9fe9-bc342e27957d,855,0,0
1603161066428,930,绑定port,200,OK,线程组 1-1,text,true,,1133,8848,1,1,https://iecs.myhuaweicloud.com/v1/ports/9f4ad224-c4a2-4295-9fe9-bc342e27957d,930,0,25
1603161077366,861,解绑port,200,OK,线程组 1-1,text,true,,1048,8800,1,1,https://iecs.myhuaweicloud.com/v1/ports/9f4ad224-c4a2-4295-9fe9-bc342e27957d,861,0,0
1603161088234,903,绑定port,200,OK,线程组 1-1,text,true,,1133,8848,1,1,https://iecs.myhuaweicloud.com/v1/ports/9f4ad224-c4a2-4295-9fe9-bc342e27957d,903,0,0
1603161099140,959,解绑port,200,OK,线程组 1-1,text,true,,1048,8800,1,1,https://iecs.myhuaweicloud.com/v1/ports/9f4ad224-c4a2-4295-9fe9-bc342e27957d,959,0,0
1603161110101,1252,绑定port,200,OK,线程组 1-1,text,true,,1133,8848,1,1,https://iecs.myhuaweicloud.com/v1/ports/9f4ad224-c4a2-4295-9fe9-bc342e27957d,1252,0,0
1603161121359,850,解绑port,200,OK,线程组 1-1,text,true,,1048,8800,1,1,https://iecs.myhuaweicloud.com/v1/ports/9f4ad224-c4a2-4295-9fe9-bc342e27957d,849,0,0
1603161132210,933,绑定port,200,OK,线程组 1-1,text,true,,1133,8848,1,1,https://iecs.myhuaweicloud.com/v1/ports/9f4ad224-c4a2-4295-9fe9-bc342e27957d,933,0,26
1603161143148,1008,解绑port,200,OK,线程组 1-1,text,true,,1048,8800,1,1,https://iecs.myhuaweicloud.com/v1/ports/9f4ad224-c4a2-4295-9fe9-bc342e27957d,1008,0,0
1603161154163,920,绑定port,200,OK,线程组 1-1,text,true,,1133,8848,1,1,https://iecs.myhuaweicloud.com/v1/ports/9f4ad224-c4a2-4295-9fe9-bc342e27957d,920,0,0
1603161165085,906,解绑port,200,OK,线程组 1-1,text,true,,1048,8800,1,1,https://iecs.myhuaweicloud.com/v1/ports/9f4ad224-c4a2-4295-9fe9-bc342e27957d,906,0,0
1603161175992,962,绑定port,200,OK,线程组 1-1,text,true,,1133,8848,1,1,https://iecs.myhuaweicloud.com/v1/ports/9f4ad224-c4a2-4295-9fe9-bc342e27957d,962,0,0
1603161186961,893,解绑port,200,OK,线程组 1-1,text,true,,1048,8800,1,1,https://iecs.myhuaweicloud.com/v1/ports/9f4ad224-c4a2-4295-9fe9-bc342e27957d,893,0,0
1603161197860,906,绑定port,200,OK,线程组 1-1,text,true,,1133,8848,1,1,https://iecs.myhuaweicloud.com/v1/ports/9f4ad224-c4a2-4295-9fe9-bc342e27957d,906,0,28
1603161208774,863,解绑port,200,OK,线程组 1-1,text,true,,1048,8800,1,1,https://iecs.myhuaweicloud.com/v1/ports/9f4ad224-c4a2-4295-9fe9-bc342e27957d,863,0,0
1603161219639,974,绑定port,200,OK,线程组 1-1,text,true,,1133,8848,1,1,https://iecs.myhuaweicloud.com/v1/ports/9f4ad224-c4a2-4295-9fe9-bc342e27957d,973,0,0
1603161230613,847,解绑port,200,OK,线程组 1-1,text,true,,1048,8800,1,1,https://iecs.myhuaweicloud.com/v1/ports/9f4ad224-c4a2-4295-9fe9-bc342e27957d,846,0,0
1603161241464,994,绑定port,200,OK,线程组 1-1,text,true,,1133,8848,1,1,https://iecs.myhuaweicloud.com/v1/ports/9f4ad224-c4a2-4295-9fe9-bc342e27957d,994,0,0
1603161252465,933,解绑port,200,OK,线程组 1-1,text,true,,1048,8800,1,1,https://iecs.myhuaweicloud.com/v1/ports/9f4ad224-c4a2-4295-9fe9-bc342e27957d,933,0,0
1603161263403,945,绑定port,200,OK,线程组 1-1,text,true,,1133,8848,1,1,https://iecs.myhuaweicloud.com/v1/ports/9f4ad224-c4a2-4295-9fe9-bc342e27957d,944,0,21
1603161274348,822,解绑port,200,OK,线程组 1-1,text,true,,1048,8800,1,1,https://iecs.myhuaweicloud.com/v1/ports/9f4ad224-c4a2-4295-9fe9-bc342e27957d,822,0,0
1603161285175,1138,绑定port,200,OK,线程组 1-1,text,true,,1133,8848,1,1,https://iecs.myhuaweicloud.com/v1/ports/9f4ad224-c4a2-4295-9fe9-bc342e27957d,1138,0,0
1603161296317,915,解绑port,200,OK,线程组 1-1,text,true,,1048,8800,1,1,https://iecs.myhuaweicloud.com/v1/ports/9f4ad224-c4a2-4295-9fe9-bc342e27957d,915,0,0
1603161307240,1076,绑定port,200,OK,线程组 1-1,text,true,,1133,8848,1,1,https://iecs.myhuaweicloud.com/v1/ports/9f4ad224-c4a2-4295-9fe9-bc342e27957d,1076,0,0
1603161318318,941,解绑port,200,OK,线程组 1-1,text,true,,1048,8800,1,1,https://iecs.myhuaweicloud.com/v1/ports/9f4ad224-c4a2-4295-9fe9-bc342e27957d,941,0,0
1603161329270,908,绑定port,200,OK,线程组 1-1,text,true,,1133,8848,1,1,https://iecs.myhuaweicloud.com/v1/ports/9f4ad224-c4a2-4295-9fe9-bc342e27957d,908,0,34
1603161340185,919,解绑port,200,OK,线程组 1-1,text,true,,1048,8800,1,1,https://iecs.myhuaweicloud.com/v1/ports/9f4ad224-c4a2-4295-9fe9-bc342e27957d,919,0,0
1603161351107,1207,绑定port,200,OK,线程组 1-1,text,true,,1133,8848,1,1,https://iecs.myhuaweicloud.com/v1/ports/9f4ad224-c4a2-4295-9fe9-bc342e27957d,1207,0,0
1603161362318,1037,解绑port,200,OK,线程组 1-1,text,true,,1048,8800,1,1,https://iecs.myhuaweicloud.com/v1/ports/9f4ad224-c4a2-4295-9fe9-bc342e27957d,1037,0,0
1603161373358,956,绑定port,200,OK,线程组 1-1,text,true,,1133,8848,1,1,https://iecs.myhuaweicloud.com/v1/ports/9f4ad224-c4a2-4295-9fe9-bc342e27957d,956,0,0
1603161384318,782,解绑port,200,OK,线程组 1-1,text,true,,1048,8800,1,1,https://iecs.myhuaweicloud.com/v1/ports/9f4ad224-c4a2-4295-9fe9-bc342e27957d,782,0,0
1603161395108,1009,绑定port,200,OK,线程组 1-1,text,true,,1133,8848,1,1,https://iecs.myhuaweicloud.com/v1/ports/9f4ad224-c4a2-4295-9fe9-bc342e27957d,1009,0,191
1603161406116,927,解绑port,200,OK,线程组 1-1,text,true,,1048,8800,1,1,https://iecs.myhuaweicloud.com/v1/ports/9f4ad224-c4a2-4295-9fe9-bc342e27957d,927,0,0
1603161417046,1289,绑定port,200,OK,线程组 1-1,text,true,,1133,8848,1,1,https://iecs.myhuaweicloud.com/v1/ports/9f4ad224-c4a2-4295-9fe9-bc342e27957d,1289,0,0
1603161428346,855,解绑port,200,OK,线程组 1-1,text,true,,1048,8800,1,1,https://iecs.myhuaweicloud.com/v1/ports/9f4ad224-c4a2-4295-9fe9-bc342e27957d,855,0,0
1603161439209,867,绑定port,200,OK,线程组 1-1,text,true,,1133,8848,1,1,https://iecs.myhuaweicloud.com/v1/ports/9f4ad224-c4a2-4295-9fe9-bc342e27957d,867,0,0
1603161450085,954,解绑port,200,OK,线程组 1-1,text,true,,1048,8800,1,1,https://iecs.myhuaweicloud.com/v1/ports/9f4ad224-c4a2-4295-9fe9-bc342e27957d,954,0,0
1603161461045,833,绑定port,200,OK,线程组 1-1,text,true,,1133,8848,1,1,https://iecs.myhuaweicloud.com/v1/ports/9f4ad224-c4a2-4295-9fe9-bc342e27957d,833,0,20
1603161471882,988,解绑port,200,OK,线程组 1-1,text,true,,1048,8800,1,1,https://iecs.myhuaweicloud.com/v1/ports/9f4ad224-c4a2-4295-9fe9-bc342e27957d,988,0,0
1603161482874,947,绑定port,200,OK,线程组 1-1,text,true,,1133,8848,1,1,https://iecs.myhuaweicloud.com/v1/ports/9f4ad224-c4a2-4295-9fe9-bc342e27957d,947,0,0
1603161493828,838,解绑port,200,OK,线程组 1-1,text,true,,1048,8800,1,1,https://iecs.myhuaweicloud.com/v1/ports/9f4ad224-c4a2-4295-9fe9-bc342e27957d,838,0,0
1603161504671,891,绑定port,200,OK,线程组 1-1,text,true,,1133,8848,1,1,https://iecs.myhuaweicloud.com/v1/ports/9f4ad224-c4a2-4295-9fe9-bc342e27957d,891,0,0
1603161515565,861,解绑port,200,OK,线程组 1-1,text,true,,1048,8800,1,1,https://iecs.myhuaweicloud.com/v1/ports/9f4ad224-c4a2-4295-9fe9-bc342e27957d,861,0,0
1603161526434,803,绑定port,200,OK,线程组 1-1,text,true,,1133,8848,1,1,https://iecs.myhuaweicloud.com/v1/ports/9f4ad224-c4a2-4295-9fe9-bc342e27957d,803,0,26
1603161537238,889,解绑port,200,OK,线程组 1-1,text,true,,1048,8800,1,1,https://iecs.myhuaweicloud.com/v1/ports/9f4ad224-c4a2-4295-9fe9-bc342e27957d,888,0,0
1603161548121,858,绑定port,200,OK,线程组 1-1,text,true,,1133,8848,1,1,https://iecs.myhuaweicloud.com/v1/ports/9f4ad224-c4a2-4295-9fe9-bc342e27957d,858,0,0
1603161558989,936,解绑port,200,OK,线程组 1-1,text,true,,1048,8800,1,1,https://iecs.myhuaweicloud.com/v1/ports/9f4ad224-c4a2-4295-9fe9-bc342e27957d,936,0,0
1603161569926,836,绑定port,200,OK,线程组 1-1,text,true,,1133,8848,1,1,https://iecs.myhuaweicloud.com/v1/ports/9f4ad224-c4a2-4295-9fe9-bc342e27957d,836,0,0
1603161580777,788,解绑port,200,OK,线程组 1-1,text,true,,1048,8800,1,1,https://iecs.myhuaweicloud.com/v1/ports/9f4ad224-c4a2-4295-9fe9-bc342e27957d,788,0,0
1603161591558,765,绑定port,200,OK,线程组 1-1,text,true,,1133,8848,1,1,https://iecs.myhuaweicloud.com/v1/ports/9f4ad224-c4a2-4295-9fe9-bc342e27957d,765,0,25
1603161602324,816,解绑port,200,OK,线程组 1-1,text,true,,1048,8800,1,1,https://iecs.myhuaweicloud.com/v1/ports/9f4ad224-c4a2-4295-9fe9-bc342e27957d,816,0,0
1603161613144,925,绑定port,200,OK,线程组 1-1,text,true,,1133,8848,1,1,https://iecs.myhuaweicloud.com/v1/ports/9f4ad224-c4a2-4295-9fe9-bc342e27957d,925,0,0
1603161624075,902,解绑port,200,OK,线程组 1-1,text,true,,1048,8800,1,1,https://iecs.myhuaweicloud.com/v1/ports/9f4ad224-c4a2-4295-9fe9-bc342e27957d,902,0,0
1603161634981,966,绑定port,200,OK,线程组 1-1,text,true,,1133,8848,1,1,https://iecs.myhuaweicloud.com/v1/ports/9f4ad224-c4a2-4295-9fe9-bc342e27957d,966,0,0
1603161645950,938,解绑port,200,OK,线程组 1-1,text,true,,1048,8800,1,1,https://iecs.myhuaweicloud.com/v1/ports/9f4ad224-c4a2-4295-9fe9-bc342e27957d,938,0,0
1603161656894,904,绑定port,200,OK,线程组 1-1,text,true,,1133,8848,1,1,https://iecs.myhuaweicloud.com/v1/ports/9f4ad224-c4a2-4295-9fe9-bc342e27957d,904,0,20
1603161667802,839,解绑port,200,OK,线程组 1-1,text,true,,1048,8800,1,1,https://iecs.myhuaweicloud.com/v1/ports/9f4ad224-c4a2-4295-9fe9-bc342e27957d,839,0,0
1603161678647,986,绑定port,200,OK,线程组 1-1,text,true,,1133,8848,1,1,https://iecs.myhuaweicloud.com/v1/ports/9f4ad224-c4a2-4295-9fe9-bc342e27957d,986,0,0
1603161689639,929,解绑port,200,OK,线程组 1-1,text,true,,1048,8800,1,1,https://iecs.myhuaweicloud.com/v1/ports/9f4ad224-c4a2-4295-9fe9-bc342e27957d,929,0,0
1603161700568,819,绑定port,200,OK,线程组 1-1,text,true,,1133,8848,1,1,https://iecs.myhuaweicloud.com/v1/ports/9f4ad224-c4a2-4295-9fe9-bc342e27957d,819,0,0
1603161711395,836,解绑port,200,OK,线程组 1-1,text,true,,1048,8800,1,1,https://iecs.myhuaweicloud.com/v1/ports/9f4ad224-c4a2-4295-9fe9-bc342e27957d,836,0,0
1603161722240,1002,绑定port,200,OK,线程组 1-1,text,true,,1133,8848,1,1,https://iecs.myhuaweicloud.com/v1/ports/9f4ad224-c4a2-4295-9fe9-bc342e27957d,1002,0,24
1603161733248,1029,解绑port,200,OK,线程组 1-1,text,true,,1048,8800,1,1,https://iecs.myhuaweicloud.com/v1/ports/9f4ad224-c4a2-4295-9fe9-bc342e27957d,1029,0,0
1603161744280,895,绑定port,200,OK,线程组 1-1,text,true,,1133,8848,1,1,https://iecs.myhuaweicloud.com/v1/ports/9f4ad224-c4a2-4295-9fe9-bc342e27957d,895,0,0
1603161755177,929,解绑port,200,OK,线程组 1-1,text,true,,1048,8800,1,1,https://iecs.myhuaweicloud.com/v1/ports/9f4ad224-c4a2-4295-9fe9-bc342e27957d,929,0,0
1603161766107,860,绑定port,200,OK,线程组 1-1,text,true,,1133,8848,1,1,https://iecs.myhuaweicloud.com/v1/ports/9f4ad224-c4a2-4295-9fe9-bc342e27957d,860,0,0
1603161776974,827,解绑port,200,OK,线程组 1-1,text,true,,1048,8800,1,1,https://iecs.myhuaweicloud.com/v1/ports/9f4ad224-c4a2-4295-9fe9-bc342e27957d,827,0,0
1603161787802,883,绑定port,200,OK,线程组 1-1,text,true,,1133,8848,1,1,https://iecs.myhuaweicloud.com/v1/ports/9f4ad224-c4a2-4295-9fe9-bc342e27957d,883,0,25
1603161798694,871,解绑port,200,OK,线程组 1-1,text,true,,1048,8800,1,1,https://iecs.myhuaweicloud.com/v1/ports/9f4ad224-c4a2-4295-9fe9-bc342e27957d,870,0,0
1603161809568,832,绑定port,200,OK,线程组 1-1,text,true,,1133,8848,1,1,https://iecs.myhuaweicloud.com/v1/ports/9f4ad224-c4a2-4295-9fe9-bc342e27957d,832,0,0
1603161820405,837,解绑port,200,OK,线程组 1-1,text,true,,1048,8800,1,1,https://iecs.myhuaweicloud.com/v1/ports/9f4ad224-c4a2-4295-9fe9-bc342e27957d,837,0,0
1603161831245,1244,绑定port,200,OK,线程组 1-1,text,true,,1133,8848,1,1,https://iecs.myhuaweicloud.com/v1/ports/9f4ad224-c4a2-4295-9fe9-bc342e27957d,1244,0,0
1603161842494,817,解绑port,200,OK,线程组 1-1,text,true,,1048,8800,1,1,https://iecs.myhuaweicloud.com/v1/ports/9f4ad224-c4a2-4295-9fe9-bc342e27957d,817,0,0
1603161853316,925,绑定port,200,OK,线程组 1-1,text,true,,1133,8848,1,1,https://iecs.myhuaweicloud.com/v1/ports/9f4ad224-c4a2-4295-9fe9-bc342e27957d,925,0,28
1603161864245,816,解绑port,200,OK,线程组 1-1,text,true,,1048,8800,1,1,https://iecs.myhuaweicloud.com/v1/ports/9f4ad224-c4a2-4295-9fe9-bc342e27957d,816,0,0
1603161875066,870,绑定port,200,OK,线程组 1-1,text,true,,1133,8848,1,1,https://iecs.myhuaweicloud.com/v1/ports/9f4ad224-c4a2-4295-9fe9-bc342e27957d,870,0,0
1603161885941,818,解绑port,200,OK,线程组 1-1,text,true,,1048,8800,1,1,https://iecs.myhuaweicloud.com/v1/ports/9f4ad224-c4a2-4295-9fe9-bc342e27957d,818,0,0
1603161896761,949,绑定port,200,OK,线程组 1-1,text,true,,1133,8848,1,1,https://iecs.myhuaweicloud.com/v1/ports/9f4ad224-c4a2-4295-9fe9-bc342e27957d,949,0,0
1603161907714,758,解绑port,200,OK,线程组 1-1,text,true,,1048,8800,1,1,https://iecs.myhuaweicloud.com/v1/ports/9f4ad224-c4a2-4295-9fe9-bc342e27957d,758,0,0
1603161918481,944,绑定port,200,OK,线程组 1-1,text,true,,1133,8848,1,1,https://iecs.myhuaweicloud.com/v1/ports/9f4ad224-c4a2-4295-9fe9-bc342e27957d,944,0,23
1603161929426,809,解绑port,200,OK,线程组 1-1,text,true,,1048,8800,1,1,https://iecs.myhuaweicloud.com/v1/ports/9f4ad224-c4a2-4295-9fe9-bc342e27957d,809,0,0
1603161940237,847,绑定port,200,OK,线程组 1-1,text,true,,1133,8848,1,1,https://iecs.myhuaweicloud.com/v1/ports/9f4ad224-c4a2-4295-9fe9-bc342e27957d,846,0,0
1603161951090,947,解绑port,200,OK,线程组 1-1,text,true,,1048,8800,1,1,https://iecs.myhuaweicloud.com/v1/ports/9f4ad224-c4a2-4295-9fe9-bc342e27957d,947,0,0
1603161962042,904,绑定port,200,OK,线程组 1-1,text,true,,1133,8848,1,1,https://iecs.myhuaweicloud.com/v1/ports/9f4ad224-c4a2-4295-9fe9-bc342e27957d,904,0,0
1603161972949,1119,解绑port,200,OK,线程组 1-1,text,true,,1048,8800,1,1,https://iecs.myhuaweicloud.com/v1/ports/9f4ad224-c4a2-4295-9fe9-bc342e27957d,1119,0,0
1603161984074,818,绑定port,200,OK,线程组 1-1,text,true,,1133,8848,1,1,https://iecs.myhuaweicloud.com/v1/ports/9f4ad224-c4a2-4295-9fe9-bc342e27957d,818,0,22
1603161994895,978,解绑port,200,OK,线程组 1-1,text,true,,1048,8800,1,1,https://iecs.myhuaweicloud.com/v1/ports/9f4ad224-c4a2-4295-9fe9-bc342e27957d,978,0,0
1603162005880,839,绑定port,200,OK,线程组 1-1,text,true,,1133,8848,1,1,https://iecs.myhuaweicloud.com/v1/ports/9f4ad224-c4a2-4295-9fe9-bc342e27957d,839,0,0
1603162016720,970,解绑port,200,OK,线程组 1-1,text,true,,1048,8800,1,1,https://iecs.myhuaweicloud.com/v1/ports/9f4ad224-c4a2-4295-9fe9-bc342e27957d,970,0,0
1603162027701,870,绑定port,200,OK,线程组 1-1,text,true,,1133,8848,1,1,https://iecs.myhuaweicloud.com/v1/ports/9f4ad224-c4a2-4295-9fe9-bc342e27957d,870,0,0
1603162038575,964,解绑port,200,OK,线程组 1-1,text,true,,1048,8800,1,1,https://iecs.myhuaweicloud.com/v1/ports/9f4ad224-c4a2-4295-9fe9-bc342e27957d,964,0,0
1603162049544,910,绑定port,200,OK,线程组 1-1,text,true,,1133,8848,1,1,https://iecs.myhuaweicloud.com/v1/ports/9f4ad224-c4a2-4295-9fe9-bc342e27957d,910,0,53
1603162060458,883,解绑port,200,OK,线程组 1-1,text,true,,1048,8800,1,1,https://iecs.myhuaweicloud.com/v1/ports/9f4ad224-c4a2-4295-9fe9-bc342e27957d,883,0,0
1603162071349,843,绑定port,200,OK,线程组 1-1,text,true,,1133,8848,1,1,https://iecs.myhuaweicloud.com/v1/ports/9f4ad224-c4a2-4295-9fe9-bc342e27957d,843,0,0
1603162082200,947,解绑port,200,OK,线程组 1-1,text,true,,1048,8800,1,1,https://iecs.myhuaweicloud.com/v1/ports/9f4ad224-c4a2-4295-9fe9-bc342e27957d,947,0,0
1603162093154,905,绑定port,200,OK,线程组 1-1,text,true,,1133,8848,1,1,https://iecs.myhuaweicloud.com/v1/ports/9f4ad224-c4a2-4295-9fe9-bc342e27957d,905,0,0
1603162104060,908,解绑port,200,OK,线程组 1-1,text,true,,1048,8800,1,1,https://iecs.myhuaweicloud.com/v1/ports/9f4ad224-c4a2-4295-9fe9-bc342e27957d,908,0,0
1603162114975,853,绑定port,200,OK,线程组 1-1,text,true,,1133,8848,1,1,https://iecs.myhuaweicloud.com/v1/ports/9f4ad224-c4a2-4295-9fe9-bc342e27957d,853,0,28
1603162125834,934,解绑port,200,OK,线程组 1-1,text,true,,1048,8800,1,1,https://iecs.myhuaweicloud.com/v1/ports/9f4ad224-c4a2-4295-9fe9-bc342e27957d,934,0,0
1603162136768,908,绑定port,200,OK,线程组 1-1,text,true,,1133,8848,1,1,https://iecs.myhuaweicloud.com/v1/ports/9f4ad224-c4a2-4295-9fe9-bc342e27957d,908,0,0
1603162147674,900,解绑port,200,OK,线程组 1-1,text,true,,1048,8800,1,1,https://iecs.myhuaweicloud.com/v1/ports/9f4ad224-c4a2-4295-9fe9-bc342e27957d,900,0,0
1603162158581,1004,绑定port,200,OK,线程组 1-1,text,true,,1133,8848,1,1,https://iecs.myhuaweicloud.com/v1/ports/9f4ad224-c4a2-4295-9fe9-bc342e27957d,1004,0,0
1603162169587,826,解绑port,200,OK,线程组 1-1,text,true,,1048,8800,1,1,https://iecs.myhuaweicloud.com/v1/ports/9f4ad224-c4a2-4295-9fe9-bc342e27957d,826,0,0
1603162180416,960,绑定port,200,OK,线程组 1-1,text,true,,1133,8848,1,1,https://iecs.myhuaweicloud.com/v1/ports/9f4ad224-c4a2-4295-9fe9-bc342e27957d,960,0,25
1603162191378,938,解绑port,200,OK,线程组 1-1,text,true,,1048,8800,1,1,https://iecs.myhuaweicloud.com/v1/ports/9f4ad224-c4a2-4295-9fe9-bc342e27957d,938,0,0
1603162202323,860,绑定port,200,OK,线程组 1-1,text,true,,1133,8848,1,1,https://iecs.myhuaweicloud.com/v1/ports/9f4ad224-c4a2-4295-9fe9-bc342e27957d,860,0,0
1603162213183,931,解绑port,200,OK,线程组 1-1,text,true,,1048,8800,1,1,https://iecs.myhuaweicloud.com/v1/ports/9f4ad224-c4a2-4295-9fe9-bc342e27957d,931,0,0
1603162224119,872,绑定port,200,OK,线程组 1-1,text,true,,1133,8848,1,1,https://iecs.myhuaweicloud.com/v1/ports/9f4ad224-c4a2-4295-9fe9-bc342e27957d,872,0,0
1603162234996,905,解绑port,200,OK,线程组 1-1,text,true,,1048,8800,1,1,https://iecs.myhuaweicloud.com/v1/ports/9f4ad224-c4a2-4295-9fe9-bc342e27957d,905,0,0
1603162245902,963,绑定port,200,OK,线程组 1-1,text,true,,1133,8848,1,1,https://iecs.myhuaweicloud.com/v1/ports/9f4ad224-c4a2-4295-9fe9-bc342e27957d,963,0,24
1603162256870,916,解绑port,200,OK,线程组 1-1,text,true,,1048,8800,1,1,https://iecs.myhuaweicloud.com/v1/ports/9f4ad224-c4a2-4295-9fe9-bc342e27957d,916,0,0
