1602691092567,1413,Bind-port,200,OK,thread-20201014 1-1,text,true,,1047,9312,1,1,https://iecs.myhuaweicloud.com/v1/ports/bb1cc88f-bbfd-4e56-8c8f-4a832a6a26c9,1407,0,559
1602697094037,1696,Unbind-port,200,OK,thread-20201014 1-1,text,true,,962,9226,1,1,https://iecs.myhuaweicloud.com/v1/ports/bb1cc88f-bbfd-4e56-8c8f-4a832a6a26c9,1696,0,151
1602703095668,1828,Bind-port,200,OK,thread-20201014 1-1,text,true,,1047,9312,1,1,https://iecs.myhuaweicloud.com/v1/ports/bb1cc88f-bbfd-4e56-8c8f-4a832a6a26c9,1828,0,217
1602709097542,1655,Unbind-port,200,OK,thread-20201014 1-1,text,true,,962,9226,1,1,https://iecs.myhuaweicloud.com/v1/ports/bb1cc88f-bbfd-4e56-8c8f-4a832a6a26c9,1655,0,162
1602715099244,1754,Bind-port,200,OK,thread-20201014 1-1,text,true,,1047,9312,1,1,https://iecs.myhuaweicloud.com/v1/ports/bb1cc88f-bbfd-4e56-8c8f-4a832a6a26c9,1754,0,163
1602721101044,1884,Unbind-port,200,OK,thread-20201014 1-1,text,true,,962,9226,1,1,https://iecs.myhuaweicloud.com/v1/ports/bb1cc88f-bbfd-4e56-8c8f-4a832a6a26c9,1884,0,132
1602727102968,1040,Bind-port,200,OK,thread-20201014 1-1,text,true,,1047,9312,1,1,https://iecs.myhuaweicloud.com/v1/ports/bb1cc88f-bbfd-4e56-8c8f-4a832a6a26c9,1040,0,173
1602733104057,1185,Unbind-port,200,OK,thread-20201014 1-1,text,true,,962,9226,1,1,https://iecs.myhuaweicloud.com/v1/ports/bb1cc88f-bbfd-4e56-8c8f-4a832a6a26c9,1185,0,175
1602739105285,1859,Bind-port,200,OK,thread-20201014 1-1,text,true,,1047,9312,1,1,https://iecs.myhuaweicloud.com/v1/ports/bb1cc88f-bbfd-4e56-8c8f-4a832a6a26c9,1859,0,169
1602745107305,1349,Unbind-port,200,OK,thread-20201014 1-1,text,true,,962,9226,1,1,https://iecs.myhuaweicloud.com/v1/ports/bb1cc88f-bbfd-4e56-8c8f-4a832a6a26c9,1348,0,172
1602751108695,235,Bind-port,401,Unauthorized,thread-20201014 1-1,text,false,,346,9312,1,1,https://iecs.myhuaweicloud.com/v1/ports/bb1cc88f-bbfd-4e56-8c8f-4a832a6a26c9,225,0,168
